pair	claimed_same	n_informative	concordance_all	concordance_nonref	called	agrees
D1_1 / D2_1	YES	1470	0.9702	0.9571	same person	OK
D1_4 / D2_4	YES	1436	0.9698	0.9554	same person	OK
D1_2 / D2_2	YES	1575	0.9230	0.8965	same person	OK
NC_3 / NC_5	no	1497	0.8692	0.8150	different people	OK
NC_1 / NC_5	no	1530	0.8479	0.7895	different people	OK
NC_4 / NC_5	no	1543	0.8436	0.7855	different people	OK
D2_1 / NC_5	no	1547	0.8394	0.7802	different people	OK
NC_3 / NC_4	no	1565	0.8375	0.7802	different people	OK
D2_4 / NC_1	no	1543	0.8375	0.7771	different people	OK
D2_1 / NC_4	no	1575	0.8328	0.7752	different people	OK
NC_1 / NC_3	no	1561	0.8333	0.7739	different people	OK
D1_4 / NC_5	no	1528	0.8366	0.7736	different people	OK
D1_3 / NC_5	no	1554	0.8323	0.7716	different people	OK
D2_4 / NC_5	no	1539	0.8337	0.7713	different people	OK
D1_3 / D1_4	no	1555	0.8318	0.7711	different people	OK
D1_4 / NC_1	no	1538	0.8328	0.7698	different people	OK
D2_1 / NC_3	no	1556	0.8299	0.7686	different people	OK
D1_3 / D2_4	no	1567	0.8281	0.7677	different people	OK
D2_1 / D2_3	no	1580	0.8252	0.7658	different people	OK
D1_4 / D2_1	no	1566	0.8248	0.7631	different people	OK
D1_1 / NC_4	no	1595	0.8200	0.7611	different people	OK
D1_4 / D2_2	no	1606	0.8177	0.7597	different people	OK
NC_1 / NC_4	no	1580	0.8205	0.7595	different people	OK
D2_2 / D2_4	no	1618	0.8158	0.7590	different people	OK
D1_1 / NC_5	no	1572	0.8210	0.7589	different people	OK
D2_1 / D2_4	no	1580	0.8191	0.7576	different people	OK
D2_4 / NC_3	no	1563	0.8210	0.7575	different people	OK
D1_4 / NC_3	no	1554	0.8219	0.7574	different people	OK
D1_4 / NC_4	no	1571	0.8186	0.7556	different people	OK
D2_4 / NC_4	no	1581	0.8167	0.7546	different people	OK
D1_3 / D2_1	no	1589	0.8144	0.7527	different people	OK
D1_1 / D1_4	no	1588	0.8139	0.7519	different people	OK
D1_1 / D2_4	no	1599	0.8120	0.7511	different people	OK
D1_2 / D1_4	no	1627	0.8087	0.7511	different people	OK
D1_1 / NC_3	no	1578	0.8144	0.7510	different people	OK
D1_1 / D2_3	no	1605	0.8106	0.7502	different people	OK
D1_2 / D2_4	no	1640	0.8059	0.7494	different people	OK
D2_3 / NC_3	no	1587	0.8101	0.7467	different people	OK
D2_3 / NC_5	no	1583	0.8096	0.7454	different people	OK
D2_1 / NC_1	no	1587	0.8082	0.7442	different people	OK
D1_3 / NC_1	no	1574	0.8087	0.7427	different people	OK
D2_3 / NC_4	no	1611	0.8035	0.7418	different people	OK
D1_3 / NC_3	no	1573	0.8063	0.7394	different people	OK
D1_1 / D1_3	no	1613	0.8007	0.7384	different people	OK
D1_3 / NC_4	no	1583	0.8026	0.7359	different people	OK
D1_3 / D2_3	YES	1616	0.7974	0.7345	different people	CONFLICT
D1_3 / D2_2	no	1635	0.7931	0.7321	different people	OK
D1_1 / NC_1	no	1609	0.7955	0.7309	different people	OK
D1_2 / D1_3	no	1652	0.7893	0.7300	different people	OK
D2_1 / D2_2	no	1636	0.7884	0.7262	different people	OK
D2_2 / NC_1	no	1629	0.7889	0.7256	different people	OK
D1_1 / D2_2	no	1651	0.7851	0.7244	different people	OK
D2_3 / NC_1	no	1611	0.7903	0.7244	different people	OK
D1_2 / D2_1	no	1653	0.7841	0.7235	different people	OK
D1_1 / D1_2	no	1671	0.7780	0.7187	different people	OK
D1_2 / NC_1	no	1652	0.7799	0.7179	different people	OK
D2_2 / NC_4	no	1647	0.7803	0.7177	different people	OK
D2_3 / D2_4	no	1625	0.7827	0.7169	different people	OK
D1_4 / D2_3	no	1614	0.7837	0.7162	different people	OK
D1_2 / NC_4	no	1668	0.7752	0.7146	different people	OK
D2_2 / D2_3	no	1659	0.7756	0.7137	different people	OK
D1_2 / D2_3	no	1680	0.7714	0.7119	different people	OK
D2_2 / NC_5	no	1633	0.7766	0.7103	different people	OK
D1_2 / NC_5	no	1654	0.7704	0.7062	different people	OK
D2_2 / NC_3	no	1644	0.7695	0.7032	different people	OK
D1_2 / NC_3	no	1669	0.7591	0.6944	different people	OK
