contrast	database	deg_in	enriched
acute_vs_control	geneontology_Biological_Process	296	25
acute_vs_control	geneontology_Cellular_Component	296	7
acute_vs_control	geneontology_Molecular_Function	296	4
acute_vs_control	pathway_KEGG	296	1
acute_vs_control	pathway_Reactome	296	32
acute_vs_control	network_miRNA_target	296	0
acute_vs_control	network_Transcription_Factor_target	296	0
subacute_vs_control	geneontology_Biological_Process	471	12
subacute_vs_control	geneontology_Cellular_Component	471	3
subacute_vs_control	geneontology_Molecular_Function	471	2
subacute_vs_control	pathway_KEGG	471	1
subacute_vs_control	pathway_Reactome	471	28
subacute_vs_control	network_miRNA_target	471	0
subacute_vs_control	network_Transcription_Factor_target	471	0
