geneSet	description	link	size	overlap	expect	enrichmentRatio	pValue	FDR	overlapId	userId
R-HSA-72766	Translation	http://reactome.org/PathwayBrowser/#/R-HSA-72766	22	20	7.0688524590163935	2.829313543599258	8.180127020196437e-9	8.42553083080233e-7	116541;2193;23521;25873;27335;51073;6141;6142;6183;6193;6203;6205;6209;6217;6223;6234;64981;7311;8666;90480	ENSG00000063177;ENSG00000083845;ENSG00000105193;ENSG00000105364;ENSG00000105372;ENSG00000105640;ENSG00000115268;ENSG00000128626;ENSG00000130255;ENSG00000130312;ENSG00000130811;ENSG00000142534;ENSG00000142541;ENSG00000170889;ENSG00000178982;ENSG00000179115;ENSG00000179271;ENSG00000183617;ENSG00000221983;ENSG00000233927
R-HSA-156827	L13a-mediated translational silencing of Ceruloplasmin expression	http://reactome.org/PathwayBrowser/#/R-HSA-156827	15	14	4.8196721311475414	2.9047619047619047	9.687173356809353e-7	1.6629647595856056e-5	23521;25873;27335;6141;6142;6193;6203;6205;6209;6217;6223;6234;7311;8666	ENSG00000063177;ENSG00000083845;ENSG00000105193;ENSG00000105372;ENSG00000105640;ENSG00000115268;ENSG00000130255;ENSG00000130811;ENSG00000142534;ENSG00000142541;ENSG00000170889;ENSG00000178982;ENSG00000221983;ENSG00000233927
R-HSA-72613	Eukaryotic Translation Initiation	http://reactome.org/PathwayBrowser/#/R-HSA-72613	15	14	4.8196721311475414	2.9047619047619047	9.687173356809353e-7	1.6629647595856056e-5	23521;25873;27335;6141;6142;6193;6203;6205;6209;6217;6223;6234;7311;8666	ENSG00000063177;ENSG00000083845;ENSG00000105193;ENSG00000105372;ENSG00000105640;ENSG00000115268;ENSG00000130255;ENSG00000130811;ENSG00000142534;ENSG00000142541;ENSG00000170889;ENSG00000178982;ENSG00000221983;ENSG00000233927
R-HSA-72689	Formation of a pool of free 40S subunits	http://reactome.org/PathwayBrowser/#/R-HSA-72689	15	14	4.8196721311475414	2.9047619047619047	9.687173356809353e-7	1.6629647595856056e-5	23521;25873;27335;6141;6142;6193;6203;6205;6209;6217;6223;6234;7311;8666	ENSG00000063177;ENSG00000083845;ENSG00000105193;ENSG00000105372;ENSG00000105640;ENSG00000115268;ENSG00000130255;ENSG00000130811;ENSG00000142534;ENSG00000142541;ENSG00000170889;ENSG00000178982;ENSG00000221983;ENSG00000233927
R-HSA-72706	GTP hydrolysis and joining of the 60S ribosomal subunit	http://reactome.org/PathwayBrowser/#/R-HSA-72706	15	14	4.8196721311475414	2.9047619047619047	9.687173356809353e-7	1.6629647595856056e-5	23521;25873;27335;6141;6142;6193;6203;6205;6209;6217;6223;6234;7311;8666	ENSG00000063177;ENSG00000083845;ENSG00000105193;ENSG00000105372;ENSG00000105640;ENSG00000115268;ENSG00000130255;ENSG00000130811;ENSG00000142534;ENSG00000142541;ENSG00000170889;ENSG00000178982;ENSG00000221983;ENSG00000233927
R-HSA-72737	Cap-dependent Translation Initiation	http://reactome.org/PathwayBrowser/#/R-HSA-72737	15	14	4.8196721311475414	2.9047619047619047	9.687173356809353e-7	1.6629647595856056e-5	23521;25873;27335;6141;6142;6193;6203;6205;6209;6217;6223;6234;7311;8666	ENSG00000063177;ENSG00000083845;ENSG00000105193;ENSG00000105372;ENSG00000105640;ENSG00000115268;ENSG00000130255;ENSG00000130811;ENSG00000142534;ENSG00000142541;ENSG00000170889;ENSG00000178982;ENSG00000221983;ENSG00000233927
R-HSA-6791226	Major pathway of rRNA processing in the nucleolus and cytosol	http://reactome.org/PathwayBrowser/#/R-HSA-6791226	17	15	5.462295081967213	2.7460984393757504	1.916711824145878e-6	2.1935701987447273e-5	2091;23521;25873;56915;57418;6141;6142;6193;6203;6205;6209;6217;6223;6234;7311	ENSG00000063177;ENSG00000065268;ENSG00000077348;ENSG00000083845;ENSG00000105193;ENSG00000105202;ENSG00000105372;ENSG00000105640;ENSG00000115268;ENSG00000130255;ENSG00000142534;ENSG00000142541;ENSG00000170889;ENSG00000221983;ENSG00000233927
R-HSA-72312	rRNA processing	http://reactome.org/PathwayBrowser/#/R-HSA-72312	17	15	5.462295081967213	2.7460984393757504	1.916711824145878e-6	2.1935701987447273e-5	2091;23521;25873;56915;57418;6141;6142;6193;6203;6205;6209;6217;6223;6234;7311	ENSG00000063177;ENSG00000065268;ENSG00000077348;ENSG00000083845;ENSG00000105193;ENSG00000105202;ENSG00000105372;ENSG00000105640;ENSG00000115268;ENSG00000130255;ENSG00000142534;ENSG00000142541;ENSG00000170889;ENSG00000221983;ENSG00000233927
R-HSA-8868773	rRNA processing in the nucleus and cytosol	http://reactome.org/PathwayBrowser/#/R-HSA-8868773	17	15	5.462295081967213	2.7460984393757504	1.916711824145878e-6	2.1935701987447273e-5	2091;23521;25873;56915;57418;6141;6142;6193;6203;6205;6209;6217;6223;6234;7311	ENSG00000063177;ENSG00000065268;ENSG00000077348;ENSG00000083845;ENSG00000105193;ENSG00000105202;ENSG00000105372;ENSG00000105640;ENSG00000115268;ENSG00000130255;ENSG00000142534;ENSG00000142541;ENSG00000170889;ENSG00000221983;ENSG00000233927
R-HSA-168255	Influenza Life Cycle	http://reactome.org/PathwayBrowser/#/R-HSA-168255	18	15	5.783606557377049	2.5935374149659864	8.220913685352826e-6	6.120700813208775e-5	23521;25873;5434;5438;6141;6142;6193;6203;6205;6209;6217;6223;6234;7311;811	ENSG00000063177;ENSG00000083845;ENSG00000099817;ENSG00000105193;ENSG00000105258;ENSG00000105372;ENSG00000105640;ENSG00000115268;ENSG00000130255;ENSG00000142534;ENSG00000142541;ENSG00000170889;ENSG00000179218;ENSG00000221983;ENSG00000233927
R-HSA-2408522	Selenoamino acid metabolism	http://reactome.org/PathwayBrowser/#/R-HSA-2408522	13	12	4.177049180327868	2.872841444270016	8.913641960983654e-6	6.120700813208775e-5	23521;25873;6141;6142;6193;6203;6205;6209;6217;6223;6234;7311	ENSG00000063177;ENSG00000083845;ENSG00000105193;ENSG00000105372;ENSG00000105640;ENSG00000115268;ENSG00000130255;ENSG00000142534;ENSG00000142541;ENSG00000170889;ENSG00000221983;ENSG00000233927
R-HSA-1799339	SRP-dependent cotranslational protein targeting to membrane	http://reactome.org/PathwayBrowser/#/R-HSA-1799339	13	12	4.177049180327868	2.872841444270016	8.913641960983654e-6	6.120700813208775e-5	23521;25873;6141;6142;6193;6203;6205;6209;6217;6223;6234;7311	ENSG00000063177;ENSG00000083845;ENSG00000105193;ENSG00000105372;ENSG00000105640;ENSG00000115268;ENSG00000130255;ENSG00000142534;ENSG00000142541;ENSG00000170889;ENSG00000221983;ENSG00000233927
R-HSA-192823	Viral mRNA Translation	http://reactome.org/PathwayBrowser/#/R-HSA-192823	13	12	4.177049180327868	2.872841444270016	8.913641960983654e-6	6.120700813208775e-5	23521;25873;6141;6142;6193;6203;6205;6209;6217;6223;6234;7311	ENSG00000063177;ENSG00000083845;ENSG00000105193;ENSG00000105372;ENSG00000105640;ENSG00000115268;ENSG00000130255;ENSG00000142534;ENSG00000142541;ENSG00000170889;ENSG00000221983;ENSG00000233927
R-HSA-2408557	Selenocysteine synthesis	http://reactome.org/PathwayBrowser/#/R-HSA-2408557	13	12	4.177049180327868	2.872841444270016	8.913641960983654e-6	6.120700813208775e-5	23521;25873;6141;6142;6193;6203;6205;6209;6217;6223;6234;7311	ENSG00000063177;ENSG00000083845;ENSG00000105193;ENSG00000105372;ENSG00000105640;ENSG00000115268;ENSG00000130255;ENSG00000142534;ENSG00000142541;ENSG00000170889;ENSG00000221983;ENSG00000233927
R-HSA-72764	Eukaryotic Translation Termination	http://reactome.org/PathwayBrowser/#/R-HSA-72764	13	12	4.177049180327868	2.872841444270016	8.913641960983654e-6	6.120700813208775e-5	23521;25873;6141;6142;6193;6203;6205;6209;6217;6223;6234;7311	ENSG00000063177;ENSG00000083845;ENSG00000105193;ENSG00000105372;ENSG00000105640;ENSG00000115268;ENSG00000130255;ENSG00000142534;ENSG00000142541;ENSG00000170889;ENSG00000221983;ENSG00000233927
R-HSA-168273	Influenza Viral RNA Transcription and Replication	http://reactome.org/PathwayBrowser/#/R-HSA-168273	17	14	5.462295081967213	2.563025210084034	2.245732558070479e-5	1.4456903342578709e-4	23521;25873;5434;5438;6141;6142;6193;6203;6205;6209;6217;6223;6234;7311	ENSG00000063177;ENSG00000083845;ENSG00000099817;ENSG00000105193;ENSG00000105258;ENSG00000105372;ENSG00000105640;ENSG00000115268;ENSG00000130255;ENSG00000142534;ENSG00000142541;ENSG00000170889;ENSG00000221983;ENSG00000233927
R-HSA-168254	Influenza Infection	http://reactome.org/PathwayBrowser/#/R-HSA-168254	19	15	6.104918032786886	2.45703544575725	2.791622000686278e-5	1.6913945062981567e-4	23521;25873;5434;5438;6141;6142;6193;6203;6205;6209;6217;6223;6234;7311;811	ENSG00000063177;ENSG00000083845;ENSG00000099817;ENSG00000105193;ENSG00000105258;ENSG00000105372;ENSG00000105640;ENSG00000115268;ENSG00000130255;ENSG00000142534;ENSG00000142541;ENSG00000170889;ENSG00000179218;ENSG00000221983;ENSG00000233927
R-HSA-156842	Eukaryotic Translation Elongation	http://reactome.org/PathwayBrowser/#/R-HSA-156842	14	12	4.498360655737705	2.6676384839650145	4.4688889537125576e-5	2.3014778111619673e-4	23521;25873;6141;6142;6193;6203;6205;6209;6217;6223;6234;7311	ENSG00000063177;ENSG00000083845;ENSG00000105193;ENSG00000105372;ENSG00000105640;ENSG00000115268;ENSG00000130255;ENSG00000142534;ENSG00000142541;ENSG00000170889;ENSG00000221983;ENSG00000233927
R-HSA-156902	Peptide chain elongation	http://reactome.org/PathwayBrowser/#/R-HSA-156902	14	12	4.498360655737705	2.6676384839650145	4.4688889537125576e-5	2.3014778111619673e-4	23521;25873;6141;6142;6193;6203;6205;6209;6217;6223;6234;7311	ENSG00000063177;ENSG00000083845;ENSG00000105193;ENSG00000105372;ENSG00000105640;ENSG00000115268;ENSG00000130255;ENSG00000142534;ENSG00000142541;ENSG00000170889;ENSG00000221983;ENSG00000233927
R-HSA-975956	Nonsense Mediated Decay (NMD) independent of the Exon Junction Complex (EJC)	http://reactome.org/PathwayBrowser/#/R-HSA-975956	14	12	4.498360655737705	2.6676384839650145	4.4688889537125576e-5	2.3014778111619673e-4	23521;25873;6141;6142;6193;6203;6205;6209;6217;6223;6234;7311	ENSG00000063177;ENSG00000083845;ENSG00000105193;ENSG00000105372;ENSG00000105640;ENSG00000115268;ENSG00000130255;ENSG00000142534;ENSG00000142541;ENSG00000170889;ENSG00000221983;ENSG00000233927
R-HSA-9010553	Regulation of expression of SLITs and ROBOs	http://reactome.org/PathwayBrowser/#/R-HSA-9010553	15	12	4.8196721311475414	2.4897959183673466	1.6009807746786286e-4	7.852429513899941e-4	23521;25873;6141;6142;6193;6203;6205;6209;6217;6223;6234;7311	ENSG00000063177;ENSG00000083845;ENSG00000105193;ENSG00000105372;ENSG00000105640;ENSG00000115268;ENSG00000130255;ENSG00000142534;ENSG00000142541;ENSG00000170889;ENSG00000221983;ENSG00000233927
R-HSA-376176	Signaling by ROBO receptors	http://reactome.org/PathwayBrowser/#/R-HSA-376176	19	14	6.104918032786886	2.2932330827067666	1.9651669939624306e-4	9.200554562642288e-4	23521;25873;4650;5566;6141;6142;6193;6203;6205;6209;6217;6223;6234;7311	ENSG00000063177;ENSG00000072062;ENSG00000083845;ENSG00000099331;ENSG00000105193;ENSG00000105372;ENSG00000105640;ENSG00000115268;ENSG00000130255;ENSG00000142534;ENSG00000142541;ENSG00000170889;ENSG00000221983;ENSG00000233927
R-HSA-927802	Nonsense-Mediated Decay (NMD)	http://reactome.org/PathwayBrowser/#/R-HSA-927802	16	12	5.140983606557377	2.3341836734693877	4.590466672123039e-4	0.001970075280119471	23521;25873;6141;6142;6193;6203;6205;6209;6217;6223;6234;7311	ENSG00000063177;ENSG00000083845;ENSG00000105193;ENSG00000105372;ENSG00000105640;ENSG00000115268;ENSG00000130255;ENSG00000142534;ENSG00000142541;ENSG00000170889;ENSG00000221983;ENSG00000233927
R-HSA-975957	Nonsense Mediated Decay (NMD) enhanced by the Exon Junction Complex (EJC)	http://reactome.org/PathwayBrowser/#/R-HSA-975957	16	12	5.140983606557377	2.3341836734693877	4.590466672123039e-4	0.001970075280119471	23521;25873;6141;6142;6193;6203;6205;6209;6217;6223;6234;7311	ENSG00000063177;ENSG00000083845;ENSG00000105193;ENSG00000105372;ENSG00000105640;ENSG00000115268;ENSG00000130255;ENSG00000142534;ENSG00000142541;ENSG00000170889;ENSG00000221983;ENSG00000233927
R-HSA-71291	Metabolism of amino acids and derivatives	http://reactome.org/PathwayBrowser/#/R-HSA-71291	24	15	7.711475409836066	1.9451530612244898	0.0017625582623208569	0.00726174004076193	23474;23521;25873;2593;259307;6141;6142;6193;6203;6205;6209;6217;6223;6234;7311	ENSG00000063177;ENSG00000083845;ENSG00000104951;ENSG00000105193;ENSG00000105372;ENSG00000105640;ENSG00000105755;ENSG00000115268;ENSG00000130005;ENSG00000130255;ENSG00000142534;ENSG00000142541;ENSG00000170889;ENSG00000221983;ENSG00000233927
R-HSA-422475	Axon guidance	http://reactome.org/PathwayBrowser/#/R-HSA-422475	31	18	9.960655737704919	1.8071099407504936	0.002009251819068414	0.00795972836015564	1175;23521;25873;2909;4650;5566;6141;6142;6193;6203;6205;6209;6217;6223;6234;6237;7305;7311	ENSG00000011600;ENSG00000042753;ENSG00000063177;ENSG00000072062;ENSG00000083845;ENSG00000099331;ENSG00000105193;ENSG00000105372;ENSG00000105640;ENSG00000115268;ENSG00000126458;ENSG00000130255;ENSG00000142534;ENSG00000142541;ENSG00000160007;ENSG00000170889;ENSG00000221983;ENSG00000233927
R-HSA-1266738	Developmental Biology	http://reactome.org/PathwayBrowser/#/R-HSA-1266738	43	23	13.816393442622951	1.66468913146654	0.0021555340742818174	0.008222963320408415	1050;1175;23521;25873;2909;4650;5434;5438;5566;6141;6142;6193;6203;6205;6209;6217;6223;6234;6237;7305;7311;81857;826	ENSG00000011600;ENSG00000042753;ENSG00000063177;ENSG00000072062;ENSG00000083845;ENSG00000099331;ENSG00000099817;ENSG00000104973;ENSG00000105193;ENSG00000105258;ENSG00000105372;ENSG00000105640;ENSG00000115268;ENSG00000126247;ENSG00000126458;ENSG00000130255;ENSG00000142534;ENSG00000142541;ENSG00000160007;ENSG00000170889;ENSG00000221983;ENSG00000233927;ENSG00000245848
R-HSA-392499	Metabolism of proteins	http://reactome.org/PathwayBrowser/#/R-HSA-392499	87	39	27.95409836065574	1.3951442646023926	0.005121741443538608	0.018840691738731305	10272;11316;1155;116541;126119;126433;2109;2193;23521;23770;25873;27076;27335;27338;439;51073;5329;53916;56005;56915;6141;6142;6183;6193;6203;6205;6209;6217;6223;6234;6294;64981;7311;79090;811;84261;8666;90480;91978	ENSG00000007255;ENSG00000011422;ENSG00000063177;ENSG00000070404;ENSG00000074842;ENSG00000077348;ENSG00000083845;ENSG00000105193;ENSG00000105254;ENSG00000105364;ENSG00000105372;ENSG00000105379;ENSG00000105640;ENSG00000105669;ENSG00000105701;ENSG00000108106;ENSG00000115268;ENSG00000124466;ENSG00000128626;ENSG00000130255;ENSG00000130312;ENSG00000130811;ENSG00000132004;ENSG00000141933;ENSG00000142534;ENSG00000142541;ENSG00000160633;ENSG00000161243;ENSG00000161677;ENSG00000167578;ENSG00000170889;ENSG00000178982;ENSG00000179115;ENSG00000179218;ENSG00000179271;ENSG00000183617;ENSG00000198356;ENSG00000221983;ENSG00000233927
