Sample	B.cells	Macrophages.M1	Macrophages.M2	Monocytes	Neutrophils	NK.cells	T.cells.CD4	T.cells.CD8	Tregs	Dendritic.cells	Other
D1_1	0	0	0	0	0.9999999999997496	0	0	0	0	0	2.503552920529728e-13
D1_2	0	0	0	0	0.4650470590346237	0.5349529409652631	0	0	0	0	1.1324274851176597e-13
D1_3	0	0.15521310341443534	0	0	0.6668317743796678	0.177955122205892	0	0	0	0	4.884981308350689e-15
D1_4	0	0.15949597093749032	0	0	0.8405040290624001	0	0	0	0	0	1.0957901253050295e-13
D2_1	0	0	0	0	0.9999999999998772	0	0	0	0	0	1.2279066652354231e-13
D2_2	0	0	0	0	0.7757549940541861	0.2242450059455673	0	0	0	0	2.4658053376924727e-13
D2_3	0	0	0	0	0.9999999999998876	0	0	0	0	0	1.1235457009206584e-13
D2_4	0	0	0	0	1	0	0	0	0	0	0
NC_1	0	0	0	0	0.9999999999999187	0	0	0	0	0	8.126832540256146e-14
NC_3	0	0	0	0	0.9999999999999938	0	0	0	0	0	6.217248937900877e-15
NC_4	0	0	0	0	0.9999999999999445	0	0	0	0	0	5.551115123125783e-14
NC_5	0	0.06671261431935391	0	0	0.905268630533627	0.028018755146902632	0	0	0	0	1.1646239528317892e-13
