module	trait	rho	p	q_BH
MEturquoise	intronic_pct	-0.9790209790209791	3.089801398548779e-8	4.325721957968291e-7
MEturquoise	exonic_pct	0.9790209790209791	3.089801398548779e-8	4.325721957968291e-7
MEturquoise	library_size	0.9300699300699302	1.1702227928659646e-5	1.0922079400082337e-4
MEturquoise	rp_fraction	0.8671328671328673	2.5981184986148103e-4	0.0018186829490303672
MEblue	rp_fraction	-0.8601398601398602	3.3166833912692063e-4	0.0018573426991107555
MEturquoise	control	-0.8193464903987027	0.001109268004097371	0.005176584019121065
MEblue	intronic_pct	0.7482517482517483	0.005124081698753068	0.017934285945635738
MEblue	exonic_pct	-0.7482517482517483	0.005124081698753068	0.017934285945635738
MEturquoise	subacute	0.7169281790988649	0.008690936968371105	0.024334623511439092
MEblue	control	0.7169281790988649	0.008690936968371105	0.024334623511439092
MEblue	library_size	-0.6433566433566434	0.024003191200713644	0.06109903214727109
MEbrown	subacute	-0.5633007121491082	0.056499575632704864	0.13183234314297804
MEbrown	intronic_pct	0.5384615384615385	0.07089431754922311	0.13233605942521648
MEbrown	exonic_pct	-0.5384615384615385	0.07089431754922311	0.13233605942521648
MEbrown	library_size	-0.5524475524475525	0.06251148327961517	0.13233605942521648
MEblue	subacute	-0.4608824008492703	0.1315683275731264	0.23024457325297118
MEgrey	control	0.40967324519935133	0.18598346321221718	0.30632570411424004
MEgrey	acute	-0.35846408954943243	0.25254523169454896	0.3928481381915206
MEbrown	control	0.3072549338995135	0.3313127457838001	0.4882503622077054
MEblue	acute	-0.25604577824959457	0.4218173854098972	0.5368584905216873
MEbrown	acute	0.25604577824959457	0.4218173854098972	0.5368584905216873
MEbrown	rp_fraction	-0.2657342657342658	0.40383308831471154	0.5368584905216873
MEgrey	library_size	-0.16783216783216784	0.6020994277865379	0.7329906077401331
MEturquoise	acute	0.10241831129983783	0.751446929730252	0.8746582901840636
MEgrey	intronic_pct	-0.07692307692307693	0.8121826980280591	0.8746582901840636
MEgrey	exonic_pct	0.07692307692307693	0.8121826980280591	0.8746582901840636
MEgrey	subacute	-0.05120915564991892	0.8744170680699108	0.9068028854058334
MEgrey	rp_fraction	-0.013986013986013988	0.9655902689187795	0.9655902689187795
