power	signed_R2	connectivity
1	-0.7415427295889041	472.79589770577695
2	3.011050916531664e-4	277.47774149969564
3	0.6382735676021174	186.64671280245
4	0.8387459362813257	135.6002754956049
5	0.8827108384131873	103.54971507472436
6	0.9041516862219978	81.89500324036477
7	0.9219035422795337	66.47860905065482
8	0.948259629178262	55.063947551428164
9	0.9420799929536702	46.34978802731512
10	0.9530539425649931	39.53218698924638
11	0.9713983871809975	34.09017831051994
12	0.9636679127489127	29.67280223355164
13	0.9279589105304274	26.0358753272301
14	0.9363301575174069	23.0048122985364
15	0.9319902319610541	20.451843620467507
16	0.9433919112284475	18.281554808819664
18	0.9468903630687877	14.815469692685888
20	0.9545880582469299	12.199905482583912
