Gene	Module	kWithin
CIC	black	51.87358713200882
DOT1L	black	49.145931946371576
TSHZ3	black	48.82427106954063
MLLT1	black	48.5375504960722
ZNF8	black	48.50961002229177
ZNF404	black	48.275923275833
MZF1-AS1	black	47.269033332133844
RCN3	black	46.80635204866602
NFIC	black	44.92206902203407
ZNF549	blue	83.13877460221211
LSM14A	blue	82.8764783310122
ZNF606-AS1	blue	82.56916383049946
ZNF850	blue	78.92034664721012
IGFL4	blue	78.74314321647438
ZNF317	blue	77.18241584484458
ARHGAP35	blue	76.71249057594277
TPM3P9	blue	76.29986309435635
ZNF347	blue	76.05730245729976
ZNF66	blue	75.66529791729396
GARRE1	blue	75.52520885180941
ZNF177	blue	75.4812544266571
LNC-WAL	blue	75.43196334127394
HNRNPM	blue	75.01103020585164
ZNF548	blue	74.6070774115757
ZNF544	blue	74.57028017622872
ZNF585B	blue	74.37521775658627
ZNF431	blue	73.98709262789127
DPY19L3	blue	73.69578419505045
SLC6A16	blue	73.02641554103002
ZNF417	blue	72.44350989173456
ZNF805	blue	72.02875214757944
ZNF829	green	20.982071488907245
ZNF383	green	20.802024650986326
ELAVL1	green	19.603315831362178
ZNF134	green	19.46603490783417
ZNF506	green	18.869415178876917
ZNF546	green	18.774293649232032
ZNF507	green	18.090871645001776
ZNF737	green	17.699491194028656
ZNF101	green	17.160108876486436
ZNF649	green	16.513367290904693
ZNF30	green	15.928645276595788
ZNF607	green	15.918594891876136
VASP	pink	10.276497991660596
TGFB1	pink	8.824408785738827
RPL34P33	red	116.44133506360934
RPS10P28	red	114.19004812820938
RPSA2	red	114.19004812820938
RPS2P53	red	114.16819552989173
FBL	red	113.9635592693216
RPL29P33	red	113.64594508946217
EEF1DP1	red	113.28982804406753
RPS5	red	113.06013765708687
OSTCP3	red	112.54822229379765
RPL18	red	112.20273506159886
RPL34P34	red	110.04661687314066
RPL13A	red	109.85857913357215
GADD45GIP1	red	109.57275130232209
RUVBL2	red	109.43642157380302
RPL39P38	red	109.0561604571034
MYDGF	red	108.84989073523847
