module	trait	rho	q_BH
MEblack	rp_fraction	-0.9580419580419582	2.004152183636039e-5
MEred	rp_fraction	0.9580419580419582	2.004152183636039e-5
MEblack	intronic_pct	0.9370629370629372	4.895215467247378e-5
MEred	intronic_pct	-0.9370629370629372	4.895215467247378e-5
MEblack	exonic_pct	-0.9370629370629372	4.895215467247378e-5
MEred	exonic_pct	0.9370629370629372	4.895215467247378e-5
MEgrey	intronic_pct	0.9230769230769232	9.776524326807415e-5
MEgrey	exonic_pct	-0.9230769230769232	9.776524326807415e-5
MEgrey	library_size	-0.9160839160839161	1.3266421162655385e-4
MEblue	intronic_pct	0.8671328671328673	9.920088812892913e-4
MEblue	exonic_pct	-0.8671328671328673	9.920088812892913e-4
MEblack	library_size	-0.8391608391608392	0.0020768224247975807
MEred	library_size	0.8391608391608392	0.0020768224247975807
MEgrey	subacute	-0.8193464903987027	0.002400520682288527
MEblack	control	0.8193464903987027	0.002400520682288527
MEblue	control	0.8193464903987027	0.002400520682288527
MEred	control	-0.8193464903987027	0.002400520682288527
MEgrey	control	0.8193464903987027	0.002400520682288527
MEgrey	rp_fraction	-0.8181818181818183	0.002400520682288527
MEblue	library_size	-0.8181818181818183	0.002400520682288527
MEblue	rp_fraction	-0.7202797202797203	0.016479537424676866
MEblue	subacute	-0.665719023448946	0.03459900854804943
MEblack	subacute	-0.614509867799027	0.05861062226108967
MEred	subacute	0.614509867799027	0.05861062226108967
MEgreen	subacute	-0.5120915564991891	0.14908410582645074
MEgreen	intronic_pct	0.49650349650349657	0.15649298285017413
MEgreen	exonic_pct	-0.49650349650349657	0.15649298285017413
MEgreen	library_size	-0.4615384615384616	0.19642210426075907
MEpink	library_size	0.31468531468531474	0.46220099969444123
MEgreen	control	0.3072549338995135	0.4638378440973201
MEgreen	rp_fraction	-0.21678321678321683	0.6276802762687173
MEgreen	acute	0.20483662259967567	0.6276802762687173
MEblack	acute	-0.20483662259967567	0.6276802762687173
MEred	acute	0.20483662259967567	0.6276802762687173
MEpink	control	-0.20483662259967567	0.6276802762687173
MEpink	intronic_pct	-0.17482517482517487	0.6661241595468534
MEpink	exonic_pct	0.17482517482517487	0.6661241595468534
MEblue	acute	-0.15362746694975676	0.7002723580276666
MEpink	acute	0.10241831129983783	0.7890192762167646
MEpink	subacute	0.10241831129983783	0.7890192762167646
MEpink	rp_fraction	-0.03496503496503497	0.9363883019817539
MEgrey	acute	0	1
