sample	group	sites	genes	significant	pct_significant	median_MAF	median_imbalance
D1_1	subacute	1823	373	160	42.9	0.6641	0.3282
D1_2	subacute	1128	274	103	37.6	0.6669	0.3338
D1_3	subacute	2637	461	218	47.3	0.6875	0.375
D1_4	subacute	2370	412	189	45.9	0.6747	0.3493
D2_1	acute	3555	486	256	52.7	0.7145	0.4289
D2_2	acute	817	220	91	41.4	0.6945	0.3889
D2_3	acute	1954	374	161	43	0.6794	0.3588
D2_4	acute	3165	484	239	49.4	0.6927	0.3854
NC_1	control	6965	637	436	68.4	0.7353	0.4706
NC_3	control	6612	624	388	62.2	0.7352	0.4704
NC_4	control	6325	608	377	62	0.7431	0.4862
NC_5	control	6629	566	362	64	0.7377	0.4754
