N	FoldChange	CV	Power
2	1.5	0.32	0.23056445967569114
3	1.5	0.32	0.3219933730858812
4	1.5	0.32	0.4088840888528502
5	1.5	0.32	0.4895205693653375
6	1.5	0.32	0.5628860472429742
7	1.5	0.32	0.6285488339908571
8	1.5	0.32	0.6865113092613753
9	1.5	0.32	0.7370761695757324
10	1.5	0.32	0.7807387987862395
11	1.5	0.32	0.818104770918828
12	1.5	0.32	0.849828988935392
13	1.5	0.32	0.8765725054376341
14	1.5	0.32	0.8989733015401989
15	1.5	0.32	0.9176277704427382
16	1.5	0.32	0.9330801848443689
17	1.5	0.32	0.9458179434012683
18	1.5	0.32	0.9562708556388329
19	1.5	0.32	0.9648131235931316
20	1.5	0.32	0.9717670100299358
21	1.5	0.32	0.9774074515192054
22	1.5	0.32	0.9819670870127327
23	1.5	0.32	0.9856413370448428
24	1.5	0.32	0.988593293407875
25	1.5	0.32	0.9909582717020929
26	1.5	0.32	0.9928479461908243
27	1.5	0.32	0.9943540335859452
28	1.5	0.32	0.9955515244544889
29	1.5	0.32	0.9965014816892143
30	1.5	0.32	0.9972534379544191
2	2	0.32	0.5520036615030349
3	2	0.32	0.7259457491881414
4	2	0.32	0.8405490643674665
5	2	0.32	0.9108013095553871
6	2	0.32	0.9516649582470774
7	2	0.32	0.9744927260005227
8	2	0.32	0.9868385478645085
9	2	0.32	0.9933392649352334
10	2	0.32	0.9966858032776701
11	2	0.32	0.9983754760637359
12	2	0.32	0.9992142832641487
13	2	0.32	0.9996245252025938
14	2	0.32	0.9998225149891914
15	2	0.32	0.9999169332494915
16	2	0.32	0.9999614754549677
17	2	0.32	0.9999822823930625
18	2	0.32	0.999991914570253
19	2	0.32	0.9999963367020366
20	2	0.32	0.9999983513608016
21	2	0.32	0.999999262684876
22	2	0.32	0.9999996721879831
23	2	0.32	0.9999998550581448
24	2	0.32	0.9999999362473495
25	2	0.32	0.9999999720961843
26	2	0.32	0.9999999878436251
27	2	0.32	0.9999999947274092
28	2	0.32	0.9999999977227054
29	2	0.32	0.9999999990203354
30	2	0.32	0.999999999580164
2	3	0.32	0.9120839480151116
3	3	0.32	0.9820663672210689
4	3	0.32	0.9967972185624789
5	3	0.32	0.9994798574911437
6	3	0.32	0.9999214188688844
7	3	0.32	0.9999887907902101
8	3	0.32	0.9999984745572791
9	3	0.32	0.9999998004419718
10	3	0.32	0.9999999747603665
11	3	0.32	0.9999999968999096
12	3	0.32	0.9999999996289041
13	3	0.32	0.9999999999565818
14	3	0.32	0.999999999995023
15	3	0.32	0.9999999999994399
16	3	0.32	0.999999999999938
17	3	0.32	0.9999999999999932
18	3	0.32	0.9999999999999992
19	3	0.32	0.9999999999999999
20	3	0.32	1
21	3	0.32	1
22	3	0.32	1
23	3	0.32	1
24	3	0.32	1
25	3	0.32	1
26	3	0.32	1
27	3	0.32	1
28	3	0.32	1
29	3	0.32	1
30	3	0.32	1
2	1.5	0.4	0.1661951136498508
3	1.5	0.4	0.22763248764408658
4	1.5	0.4	0.2880915837165722
5	1.5	0.4	0.34693689911417297
6	1.5	0.4	0.40357589583343156
7	1.5	0.4	0.4575447246165701
8	1.5	0.4	0.50851386907666285
9	1.5	0.4	0.5562740255854098
10	1.5	0.4	0.6007173291366337
11	1.5	0.4	0.6418185923995617
12	1.5	0.4	0.6796181363568828
13	1.5	0.4	0.7142067107343577
14	1.5	0.4	0.7457125778614484
15	1.5	0.4	0.7742906548640696
16	1.5	0.4	0.8001135337206393
17	1.5	0.4	0.8233641711162911
18	1.5	0.4	0.8442300361427378
19	1.5	0.4	0.8628985122528995
20	1.5	0.4	0.8795533645438843
21	1.5	0.4	0.8943721010963533
22	1.5	0.4	0.9075240757995051
23	1.5	0.4	0.9191691986672068
24	1.5	0.4	0.9294571373954993
25	1.5	0.4	0.9385269104135242
26	1.5	0.4	0.9465067867215994
27	1.5	0.4	0.9535144213041161
28	1.5	0.4	0.9596571668501968
29	1.5	0.4	0.9650325129674907
30	1.5	0.4	0.9697286131257155
2	2	0.4	0.3949536894882906
3	2	0.4	0.545453235480506
4	2	0.4	0.6682381983606945
5	2	0.4	0.763543336707997
6	2	0.4	0.8348032006174748
7	2	0.4	0.8865429616307963
8	2	0.4	0.9232247818173016
9	2	0.4	0.9487194492146565
10	2	0.4	0.96614193067121
11	2	0.4	0.9778754369786589
12	2	0.4	0.9856771392869254
13	2	0.4	0.9908061021759229
14	2	0.4	0.9941439740514336
15	2	0.4	0.9962964787305324
16	2	0.4	0.9976731159402671
17	2	0.4	0.9985469092236023
18	2	0.4	0.9990976931308049
19	2	0.4	0.9994426552157073
20	2	0.4	0.9996574304405298
21	2	0.4	0.9997904147935929
22	2	0.4	0.9998723330855664
23	2	0.4	0.999922552118011
24	2	0.4	0.9999531993489014
25	2	0.4	0.999971823015968
26	2	0.4	0.9999830948559211
27	2	0.4	0.9999898911957331
28	2	0.4	0.9999939743201661
29	2	0.4	0.9999964190260335
30	2	0.4	0.9999978780074572
2	3	0.4	0.7655354159707222
3	3	0.4	0.907824958924764
4	3	0.4	0.966824787450677
5	3	0.4	0.9888173912775502
6	3	0.4	0.9964186464460767
7	3	0.4	0.9988995401892206
8	3	0.4	0.9996732855239726
9	3	0.4	0.9999057894676581
10	3	0.4	0.999973508095251
11	3	0.4	0.9999927123659614
12	3	0.4	0.9999980337964268
13	3	0.4	0.9999994786280448
14	3	0.4	0.9999998638869155
15	3	0.4	0.9999999649634168
16	3	0.4	0.9999999910966066
17	3	0.4	0.9999999977640208
18	3	0.4	0.9999999994445269
19	3	0.4	0.9999999998633861
20	3	0.4	0.999999999966713
21	3	0.4	0.9999999999919595
22	3	0.4	0.9999999999980735
23	3	0.4	0.9999999999995419
24	3	0.4	0.9999999999998919
25	3	0.4	0.9999999999999747
26	3	0.4	0.9999999999999941
27	3	0.4	0.9999999999999987
28	3	0.4	0.9999999999999997
29	3	0.4	0.9999999999999999
30	3	0.4	1
2	1.5	0.8	0.07268473046470171
3	1.5	0.8	0.08966200938542103
4	1.5	0.8	0.10613097374672012
5	1.5	0.8	0.12236213096642853
6	1.5	0.8	0.13847026784004324
7	1.5	0.8	0.15450764173640566
8	1.5	0.8	0.17049687421392312
9	1.5	0.8	0.18644509683920263
10	1.5	0.8	0.20235086121252677
11	1.5	0.8	0.21820782933130276
12	1.5	0.8	0.23400687751879623
13	1.5	0.8	0.24973735602891764
14	1.5	0.8	0.2653878713047525
15	1.5	0.8	0.2809467849260944
16	1.5	0.8	0.2964025375762531
17	1.5	0.8	0.31174386130334547
18	1.5	0.8	0.3269599184713715
19	1.5	0.8	0.3420403914724295
20	1.5	0.8	0.3569755387239883
21	1.5	0.8	0.3717562272133478
22	1.5	0.8	0.3863739485224873
23	1.5	0.8	0.4008208231087779
24	1.5	0.8	0.4150895961878849
25	1.5	0.8	0.4291736275999985
26	1.5	0.8	0.443066877377134
27	1.5	0.8	0.45676388826586434
28	1.5	0.8	0.470259766131432
29	1.5	0.8	0.48355015893323405
30	1.5	0.8	0.49663123479002574
2	2	0.8	0.1359767251298471
3	2	0.8	0.18273736961347786
4	2	0.8	0.22911149562992558
5	2	0.8	0.27492378744319945
6	2	0.8	0.3198942095664197
7	2	0.8	0.3637500346192723
8	2	0.8	0.40625617666330993
9	2	0.8	0.4472223652072128
10	2	0.8	0.48650242937057186
11	2	0.8	0.5239906972224655
12	2	0.8	0.5596174122815076
13	2	0.8	0.5933439644838638
14	2	0.8	0.6251582892165265
15	2	0.8	0.6550705922531697
16	2	0.8	0.6831094654008745
17	2	0.8	0.709318410865084
18	2	0.8	0.733752767881302
19	2	0.8	0.7564770222053279
20	2	0.8	0.7775624723585224
21	2	0.8	0.7970852234044563
22	2	0.8	0.8151244780330023
23	2	0.8	0.8317610950165034
24	2	0.8	0.8470763861816307
25	2	0.8	0.8611511245975928
26	2	0.8	0.8740647385132682
27	2	0.8	0.8858946675466476
28	2	0.8	0.8967158596469954
29	2	0.8	0.9066003893497039
30	2	0.8	0.9156171797823475
2	3	0.8	0.2760237224838453
3	3	0.8	0.38672785267648396
4	3	0.8	0.4883597582227997
5	3	0.8	0.578757550334117
6	3	0.8	0.6571698980365408
7	3	0.8	0.7238177220604669
8	3	0.8	0.7795203280613086
9	3	0.8	0.8254172413252256
10	3	0.8	0.8627746779004416
11	3	0.8	0.8928588193130993
12	3	0.8	0.9168588394209769
13	3	0.8	0.9358453490807621
14	3	0.8	0.9507529579096865
15	3	0.8	0.9623784339329015
16	3	0.8	0.9713882780417316
17	3	0.8	0.9783313882041889
18	3	0.8	0.9836539069762296
19	3	0.8	0.9877143919557448
20	3	0.8	0.9907981953591231
21	3	0.8	0.9931304539566816
22	3	0.8	0.9948874326452636
23	3	0.8	0.9962061815355331
24	3	0.8	0.9971925947704717
25	3	0.8	0.9979280274931475
26	3	0.8	0.9984746561067777
27	3	0.8	0.9988797709822116
28	3	0.8	0.9991791803224246
29	3	0.8	0.9993998858953257
30	3	0.8	0.9995621702750677
