sample	group	exonic_pct	intronic_pct	flanking_pct	rp_fraction	CONDITION
D1_1	subacute	89.828	9.03	1.141	14.04894927164661	subacute
D1_2	subacute	91.822	7.337	0.841	14.755954282445307	subacute
D1_3	subacute	91.288	7.807	0.905	16.05639874725804	subacute
D1_4	subacute	90.433	8.468	1.099	14.605223253189195	subacute
D2_1	acute	83.749	14.203	2.049	9.861460446639011	acute
D2_2	acute	91.664	7.431	0.904	15.955047095444073	acute
D2_3	acute	88.227	10.483	1.29	13.439437592300841	acute
D2_4	acute	89.111	9.627	1.263	11.103772692745338	acute
NC_1	control	75.994	21.201	2.804	4.712698889222456	control
NC_3	control	72.526	24.11	3.364	5.067800238254784	control
NC_4	control	73.356	23.009	3.636	5.95036197765433	control
NC_5	control	68.726	26.99	4.284	6.661988778404164	control
