sample	group	genes	significant	pct_significant	median_MAF	sites	median_alt	pct_below_0.4	pct_genuine_het	intronic_pct
D1_1	subacute	373	160	42.9	0.6641	2089	0.2778	63	37	9.03
D1_2	subacute	274	103	37.6	0.6669	1246	0.3125	60.2	39.8	7.337
D1_3	subacute	461	218	47.3	0.6875	3015	0.28	65.7	34.3	7.807
D1_4	subacute	412	189	45.9	0.6747	2747	0.2857	64.7	35.3	8.468
D2_1	acute	486	256	52.7	0.7145	4279	0.2308	71	29	14.203
D2_2	acute	220	91	41.4	0.6945	912	0.3	61.8	38.2	7.431
D2_3	acute	374	161	43	0.6794	2181	0.2857	64.7	35.3	10.483
D2_4	acute	484	239	49.4	0.6927	3638	0.2667	67.2	32.8	9.627
NC_1	control	637	436	68.4	0.7353	8456	0.2381	71.1	28.9	21.201
NC_3	control	624	388	62.2	0.7352	8128	0.2222	72.6	27.4	24.11
NC_4	control	608	377	62	0.7431	8125	0.2083	73.2	26.8	23.009
NC_5	control	566	362	64	0.7377	8589	0.2	74.2	25.8	26.99
