fit	symbol	log2FoldChange	pvalue	padj	ribosomal
unpaired_8		2.063600183491222	8.38362832374508e-5	0.10529837174623821	FALSE
unpaired_8		0.9010089482079157	2.1978735254472173e-4	0.1263779504375356	FALSE
unpaired_8	ZNF234	1.072393724032897	3.0764932507131054e-4	0.1263779504375356	FALSE
unpaired_8	CD177	2.968089182692962	4.024775491641261e-4	0.1263779504375356	FALSE
unpaired_8	ZNF699	0.7221128449059695	0.0013265125427528238	0.33321995073950933	FALSE
unpaired_8		-1.7075939793590755	0.0022039819178677846	0.4276813756484896	FALSE
unpaired_8	ZNF227	0.6247145860214491	0.002383574545811646	0.4276813756484896	FALSE
unpaired_8	ZNF225	0.8543916186699868	0.00275225743490684	0.43210441728037385	FALSE
paired_4	CD177	2.7067501809467465	2.683942501715169e-4	0.1943353180380555	FALSE
paired_4	MATK	-0.7863458893813304	5.279367521854218e-4	0.1943353180380555	FALSE
paired_4	ZNF234	1.1046234703661142	8.822537143490362e-4	0.1943353180380555	FALSE
paired_4	NKG7	-0.6753973529540432	8.934445509601631e-4	0.1943353180380555	FALSE
paired_4		-1.8655032733587729	9.10269297400992e-4	0.1943353180380555	FALSE
paired_4		2.0891394992616794	0.0010622766217599465	0.1943353180380555	FALSE
paired_4	FPR2	0.9165672165754333	0.0010830790018044496	0.1943353180380555	FALSE
paired_4		0.9015144172704506	0.0013083966132780278	0.20541826828465037	FALSE
paired_3		1.3312651864307767	0.002421741349915392	0.9018743551501002	FALSE
paired_3	ZNF234	1.1172873084321504	0.008363605718132097	0.9018743551501002	FALSE
paired_3		2.1454095751884625	0.008547452676039562	0.9018743551501002	FALSE
paired_3		-1.3005092235019358	0.008772324789957337	0.9018743551501002	FALSE
paired_3	SIGLEC14	0.9243570196847268	0.009900110260479317	0.9018743551501002	FALSE
paired_3	ARHGAP35	0.6555823811992106	0.010700502940425611	0.9018743551501002	FALSE
paired_3		-1.4909628299406263	0.011165078924046943	0.9018743551501002	FALSE
paired_3	MATK	-0.6525788651125308	0.011244877138414561	0.9018743551501002	FALSE
